{"cameraMode":{"drawMode":0,"name":"Shaded","section":"Shading Mode"},"sceneLighting":true,"audioPlay":false,"sceneViewState":{"showFog":true,"showMaterialUpdate":false,"showSkybox":true,"showFlares":true,"showImageEffects":true,"showParticleSystems":true},"in2DMode":false,"pivot":{"x":22.264484405517579,"y":3.6941490173339845,"z":-1.0312995910644532},"rotation":{"x":0.2868958115577698,"y":0.07462407648563385,"z":-0.02242426387965679,"w":0.9547891020774841},"size":48.75569152832031,"orthographic":false}